id,title,sort_title,genre,notes,url
106,Die abgenöthige Einwilligung,abgenoethige einwilligung,Lustspiel,Adapted from Le Consentement forcé,
154,Die abgeredte Zauberey,abgeredte zauberey,Singspiel,,
81,"Adelaide, oder die Antipathie gegen die Liebe","adelaide, oder die antipathie gegen die liebe",Lustspiel,Adapted from Du Doyer's Adélaïde ou l'Antipathie contre l'amour (1780),
47,Adelheid von Ponthieu,adelheid von ponthieu,Ballet,"Noverre and Starzer's ballet d'action in 5 acts Adèle de Ponthieu was first performed in the Burgtheater in 1773. The ballet performed in 1781 might have been the ""imitation"" by ""Herr Vogt"" (either Peter or his brother Elias) that was in the repertory of the Böhm company from at least 1779; see https://sites.google.com/site/mozartdocuments/documents/1780-05-01.",https://books.google.com/books?id=vfx2FF8fNggC&pg=PA1#v=onepage&q&f=false
211,Adelheit von Veltheim,adelheit von veltheim,Singspiel,"The composer attribution is from the title page of the Viennese libretto; it is not Neefe's setting. The music for Sardi's version is unknown. ""Aufgefüht im k. k. Nationaltheater von der in / der Schauspielkunst sich übenden Jugend.""",https://books.google.com/books?id=RTJJAAAAcAAJ&pg=PA1#v=onepage&q&f=false
287,Der Adjutant,adjutant,Lustspiel,In the repertory of the Nationaltheater since 23 Oct 1779.,
94,"Adrast und Isidore, oder die Nachtmusik","adrast und isidore, oder die nachtmusik",Singspiel,Performed only twice,
220,Der Aepfeldieb,aepfeldieb,Singspiel,"""Herr Jast"" is the attribution on the libretto. Perhaps Just?",https://books.google.com/books?id=ZyVxt0M0kjAC&pg=PA1#v=onepage&q&f=false
56,Agamemnon,agamemnon,Ballet,"Noverre's Agamemnon vengé was first performed in Vienna in 1772 with music by Franz Aspelmayr. The ballet performed in 1781 was probably Decamp's ""Wiederhestellung"" of Noverre's scenario, Der gerächte Agamemnon (Vienna 1780).",https://books.google.com/books?id=0ZdDAAAAcAAJ&pg=PA1#v=onepage&q&f=false
75,Agnes Bernauerinn,agnes bernauerinn,Trauerspiel,,
261,Alceste,alceste,Tragedia per musica,,
282,Alcide al bivio,alcide al bivio,Festa teatrale,,
20,"Aline, reine de Golconde","aline, reine de golconde",Opéra-ballet,"Viennese libretto, 1780: ""Representé pour la premiere fois à Vienne, pour le / Benefice de M. DUPONT."" Monsigny and Sedaine's opéra-ballet Aline, reine da Golconde was first performed in Paris on 12 Apr 1766 with choreography by Jean-Barthèlemy Lany.",http://data.onb.ac.at/rep/10652DFA
13,"L'Amant jaloux, ou les Fausses Apparences","amant jaloux, ou les fausses apparences",Comédie mêlée d'ariettes,"L'Amant jaloux, with music by Grétry, a book by Thomas Hales, and verse sections by F. Levasseur, was first performed at Versailles on 20 Nov 1778.",https://books.google.com/books?id=6SM_AAAAcAAJ&pg=PA1#v=onepage&q&f=false
89,"L'Amant, Auteur et Valet","amant, auteur et valet",Comédie,"Cérou's L'Amant, Auteur et Valet was first performed in Paris by the Comédiens italiens on 8 Feb 1740.",https://books.google.com/books?id=IZoTAAAAQAAJ&pg=PA1#v=onepage&q&f=false
37,L'Ami de la maison,ami de la maison,Comédie mêlée d'ariettes,L'Ami de la maison was first performed at Fontainebleau on 26 Oct 1771.,https://books.google.com/books?id=ZWtXAAAAcAAJ&newbks=1&pg=PP5#v=onepage&q&f=false
200,L'Amitié à l'epreuve,amitie à l'epreuve,Comédie mêlée d'ariettes,First performed at Fontainebleau on 13 Nov 1770.,https://books.google.com/books?id=sAP4qF503b4C&pg=PA1#v=onepage&q&f=false
49,L'Amoreux de quinze ans,amoreux de quinze ans,Comédie mêlée d'ariettes,First performed by the Comédiens italiens in Paris on 18 Apr 1771.,https://books.google.com/books?id=Di5MAAAAcAAJ&pg=PA1#v=onepage&q&f=false
85,Andromeda und Perseus,andromeda und perseus,Schauspiel,"""Ein Schauspiel mit Musik""",https://books.google.com/books?id=YOMv9925cmcC&\pg=PA1#v=onepage&q&f=false
138,Der argwöhnische Ehemann,argwoehnische ehemann,Lustspiel,,
66,Ariadne auf Naxos,ariadne auf naxos,Duodrama,"Brandes and Benda's Ariadne auf Naxos was first performed in Gotha on 27 Jan 1775. The first performance by the court theater in Vienna took place on 4 Jan 1780.The performance iin the Burgtheater on Fri, 11 May 1781 may have been a benefit. It is not listed in Hadamowsky.",
253,Der Arrestant,arrestant,Lustspiel,The attribution to Franke is from Hadamowsky.,https://books.google.com/books?id=ttR8QPDlOsgC&pg=PA1#v=onepage&q&f=false
136,Athelstan,athelstan,Trauerspiel,First performed in 1756. Translator/adapter unknown,https://books.google.com/books?id=BB5ejTjxeEEC&newbks=1&pg=PA1#v=onepage&q&f=false
135,L'Avocat Patelin,avocat patelin,Comédie,First performed by the Comédiens françois in Paris on 4 Jun 1706.,https://books.google.com/books?id=IiQ_AAAAcAAJ&pg=PA1#v=onepage&q&f=false
276,Die Bachanten,bachanten,Divertissement,,
32,Le Barbier de Séville,barbier de seville,Comédie,Le Barbier de Séville was first performed by the Comédie Française in Paris on 23 Feb 1775.,https://books.google.com/books?id=eI0HAAAAQAAJ&pg=PA1#v=onepage&q&f=false
15,Der Barbier von Sevilien,barbier von sevilien,Lustspiel,,
209,Les Battus paient l'amende,battus paient l'amende,Comédie,"Two works with this subtitle on CÉSAR: Le Poulet ou les Battu paient l'amende (Carrogis, 1768); Janot, ou les Battus paient l'amende (Archambault, 1779). Schletter's ""patient"" is evidently an error.",https://books.google.com/books?id=Fl1oAAAAcAAJ&pg=PA1#v=onepage&q&f=false
174,Bauern verstehn nicht Spaß,bauern verstehn nicht spaß,Ballet,This ballet remains unidentified.,
42,Bekir und Gulroui,bekir und gulroui,Lustspiel,,
8,La Belle Arsène,belle arsène,Comédie mêlée d'ariettes,La Belle Arsène was first performed at Fontainebleau on 6 Nov 1773.,https://books.google.com/books?id=1ij5NkwMdqoC&pg=PA1#v=onepage&q&f=false
33,La Belle Cordonniere,belle cordonniere,Opéra comique,"This may be Les souliers mors-dorés, ou La cordonniere allemande (1776). The Schatz record gives the composer as Alessandro Mario Antonio Fridzeri (1741–1825).",https://www.loc.gov/item/2010664134/
19,Betrug für Betrug,betrug fuer betrug,Lustspiel,Burgtheater premiere on 30 Sep 1780,
12,Der Bettelstudent,bettelstudent,Lustspiel,Did the version performed in 1781 already have the music by Peter von Winter?,
21,Der Bettler,bettler,Lustspiel,,
53,La Bonne Fille,bonne fille,Opéra comique,"This might be the work by Duni (1762), derived from Goldoni/Richardson, but the French version of Piccinni's opera cannot be ruled out.",
127,Die Brüder,brueder,Lustspiel,,
234,"Le Bûcheron, ou les Trois souhaits","bûcheron, ou les trois souhaits",Comédie mêlée d'ariettes,First performed in Paris on 28 Feb 1763. Date on Viennese libretto at link is 1768.,https://books.google.com/books?id=AJH7srfnUfEC&pg=PA1#v=onepage&q&f=false
124,"Le Cercle, ou la Soirée à la mode","cercle, ou la soiree à la mode",Comédie,The Viennese playbook linked below is dated 1768.,https://books.google.com/books?id=jjVovZ0CfTEC&pg=PA1#v=onepage&q&f=false
227,La Clochette,clochette,Comédie mêlée d'ariettes,First performed in Paris on 14 Jul 1766.,https://books.google.com/books?id=42xXAAAAcAAJ&newbks=1&pg=PA1#v=onepage&q&f=false
272,Der Codrus,codrus,Trauerspiel,The earliest Viennese performance in Hadamowsky is 1 Apr 1771 in the Kärntnertortheater. Der Codrus had been in the repertory of the Nationaltheater since 4 Sep 1777.,
172,La Colonie,colonie,Opéra comique,"A parody of Saccini's L'isola d'amore, using a pastiche of music from Sacchini's operas. First performed in Paris on 16 Aug 1775.Libretto also here: https://digital.library.unt.edu/ark:/67531/metadc41/",https://books.google.com/books?id=aSSnQwlF0XAC&pg=PA1#v=onepage&q&f=false
191,"La Comédie à l'impromptu, ou les Dupes","comedie à l'impromptu, ou les dupes",Comédie,"Attribution to Dorvigny is on the title page. First performed by the Comédiens Italiens in Paris on 5 Sep 1780.Apparently the same work as Le mariage par comédie, ou les dupes, dated to 1789 in the works list on fr.wikipedia.",https://books.google.com/books?id=7V1oAAAAcAAJ&pg=PA1#v=onepage&q&f=false
281,Concert,concert,Concert,A generic record for concerts,
166,Crispin médecin,crispin medecin,Comédie,Written in 1670. The Viennese libretto at the link is dated 1772.,https://books.google.com/books?id=KZdLAAAAcAAJ&pg=PA1#v=onepage&q&f=false
173,"Crispin, Rival de son maître","crispin, rival de son maître",Comédie,First dated performance Paris 15 Mar 1705 (CÉSAR).,https://books.google.com/books?id=n0MGAAAAQAAJ&pg=PA1#v=onepage&q&f=false
100,Der dankbare Sohn,dankbare sohn,Lustspiel,,
109,Democrite amoureux,democrite amoureux,Comédie,First performed in Paris on 12 Jan 1700.,https://books.google.com/books?id=55IrAyA0TksC&pg=PA1#v=onepage&q&f=false
58,Le Déserteur,deserteur,Drame mêlé de musique,First performed by the Comédiens Italiens in Paris on 6 Mar 1769. The performance by the court theater in Vienna on 1 Aug 1781 was in German as a singspiel.,https://books.google.com/books?id=AxU6AAAAcAAJ&pg=PR1#v=onepage&q&f=false
244,Der Deserteur aus Kindesliebe,deserteur aus kindesliebe,Lustspiel,Earliest performance in Hadamowsky is 31 Jul 1773.,
126,Les Deux Avares,deux avares,Opéra comique,First performed at Fontainebleau on 27 Oct 1770.,https://books.google.com/books?id=AiQ_AAAAcAAJ&pg=PA1#v=onepage&q&f=false
255,Les Deux Billets,deux billets,Comédie,First performed in Paris on 9 Feb 1779.,https://books.google.com/books?id=SphRAAAAcAAJ&pg=PA1#v=onepage&q&f=false
83,Les Deux Chasseurs et la Laitière,deux chasseurs et la laitière,Comédie mêlée d'ariettes,First performed in Paris on 23 Jul 1763. The date on the Viennese libretto at the link is 1764.,https://books.google.com/books?id=TjZMAAAAcAAJ&pg=PA1#v=onepage&q&f=false
167,Der Dichterling,dichterling,Lustspiel,,
176,Der Dienstfertige,dienstfertige,Lustspiel,Author attribution from Hadamowsky. Possibly after L'Officieux (1780)?The German version is attributed to Schletter in the catalogue of the ÖNB. Schletter's calendar attributes it to Wieland. Der Dienstfertige is not listed among Wieland's works on de.wikipedia.https://books.google.com/books?id=dCy9g7qFyTsC&pg=PA1#v=onepage&q&f=false,http://data.onb.ac.at/rep/105B7641
265,Divertissement,divertissement,Ballet,This divertissement is not in Hadamowsky.,
274,Doktor Guldenschnitt,doktor guldenschnitt,Lustspiel,,
71,Don Japhet d'Armenie,don japhet d'armenie,Comédie,First performed in 1651 or 1652; first published in 1653.,https://books.google.com/books?id=uehlAAAAcAAJ&pg=PP5#v=onepage&q&f=false
16,Die donnernde Legion,donnernde legion,Oratorio,,https://books.google.com/books?id=Db5LO98cDs0C&pg=PA1#v=onepage&q&f=false
280,Der Dorfdeputirten,dorfdeputirten,Singspiel,"Apparently not the same as the singspiel by this name by Heermann and Franz Teyber performed in the Kärntnertortheater twice in 1785 and 1786. There was also a setting by Wolf. The libretto is based on Goldoni, Il feudatario. Presumably Sardi set the same libretto.",
259,Der Dorfjahrmarkt in Elsaß,dorfjahrmarkt in elsaß,Ballet,,
62,La Double Frayeur,double frayeur,Comédie,"Apart from Schletter, this title appears only in Schink 1782. Two titles with ""frayeur"" in the title appear on CÉSAR: Les Frayeurs d'Arlequin (no date) and Les Frayeurs de Crispin (1682).",
195,Die dürftige Familie,duerftige familie,Schauspiel,,
115,Dupuis et Desronais,dupuis et desronais,Comédie,"According to CÉSAR, first performed in Paris in 1759.",https://books.google.com/books?id=xKsixR1hRC0C&pg=PA1#v=onepage&q&f=false
107,L'École des femmes,ecole des femmes,Comédie,First performed in 1662. The Viennese playbook at the link is dated 1752.,https://books.google.com/books?id=SLhLAAAAcAAJ&pg=PA1#v=onepage&q&f=false
22,Edelmuth in Niedrigkeit,edelmuth in niedrigkeit,Lustspiel,The playbook at the link (ÖNB) was published in Leipzig in 1777.,https://books.google.com/books?id=RcJTAAAAcAAJ&pg=PA1#v=onepage&q&f=false
155,Edwin und Emma,edwin und emma,Schauspiel,Schraembl is principally known as a cartographer.,
286,Die eifersüchtige Ehefrau,eifersuechtige ehefrau,,Based on The Jealous Wife by George Colman the Elder. First performed in the Kärtnertortheater on 10 Dec 1769.,
44,Der eifersüchtige Liebhaber,eifersuechtige liebhaber,Singspiel,"German adaptation of L'amant jaloux, ou Les fausses apparences",
133,Die eingebildeten Philosophen,eingebildeten philosophen,Singspiel,German version of I filosofi immaginari (1779),
199,Elfride,elfride,Trauerspiel,From Mason's Elfrida (1752).,
111,Elle a raison,elle a raison,Comédie,"Full title in Schletter: Elle a Raison, ou la Femme, comme il n'y en a guverres. No Google hit on this title except in Bender, apparently derived from Schletter. This title seems not to be in Schink's list. ""guverre"" seems not to be a French word. It should probably be ""la Femme, comme il n'y en a guères"", but no hits on this as the title of a comedy. There is no match for this title on CÉSAR.There is a story by d'Abancourt (pub. 1778) ""Le Phénix, ou la Femme comme il n'y en a guères."" Cf. also Voltaire's La Femme qui a Raison (pub. 1759)?",
90,Emilia Galotti,emilia galotti,Trauerspiel,,
240,L'Epoux par supercherie,epoux par supercherie,Comédie,First performed in Paris on 9 Mar 1744.,
210,Die Eroberung von Saint-Lucie,eroberung von saint-lucie,Lustspiel,"Adapted from Müller von Friedberg, La Prise de Sainte-Lucie. Performed only three times.",https://books.google.com/books?id=4M5UAAAAcAAJ&pg=PA1#v=onepage&q&f=false
225,"L'Erreur d'un moment, ou la Suite de Julie","erreur d'un moment, ou la suite de julie",Comédie mêlée d'ariettes,First performed in Paris on 14 Jun 1773.,https://books.google.com/books?id=08doAAAAcAAJ&pg=PA1#v=onepage&q&f=false
40,Erwine von Steinheim,erwine von steinheim,Trauerspiel,,
148,"Eugenie, oder Die Tugend in Gefahr","eugenie, oder die tugend in gefahr",Trauerspiel,From Beaumarchais's Eugénie (1767),
242,Les Evénements imprévus,evenements imprevus,Comédie mêlée d'ariettes,First performed at Versailles on 11 Nov 1779.,https://books.google.com/books?id=A_xDAAAAYAAJ&newbks=1&pg=PP7#v=onepage&q&f=false
238,Die Familie,familie,Schauspiel,Roles of Gemmingen and Schröder?,
73,Der Faßbinder,faßbinder,Singspiel,,
170,Die Faßbinder,faßbinder,Ballet,"There is a reference to a one-act ballet Die Faßbinder in Westenrieder's Jahrbuch der Menschengeschichte in Bayrern (1782), in a list of ""Ballete von Hrn. Hornung, der im April 1780 von Regensburg abging"", here:https://books.google.com/books?id=p9ZSzsm9QAoC&pg=PA238#v=onepage&q&f=false",
41,La Fausse Magie,fausse magie,Comédie mêlée d'ariettes,First performed in Paris on 1 Feb 1775.,https://books.google.com/books?id=EI87AAAAcAAJ&pg=PA1#v=onepage&q&f=false
158,La Fausse Suivante,fausse suivante,Comédie,First performed in Paris on 8 Jul 1724.,https://books.google.com/books?id=AsGZFur4MScC&pg=PA1#v=onepage&q&f=false
213,La Fée Urgèle,fee urgèle,Comédie mêlée d'ariettes,First performed at Fontainebleau on 26 Oct 1765.,https://books.google.com/books?id=gdA5AAAAcAAJ&pg=PA1#v=onepage&q&f=false
6,Die Feldmühle,feldmuehle,Lustspiel,,
267,La Fenisse,fenisse,Opéra comique,No work with this title on CÉSAR.,
161,Das Findelkind,findelkind,Lustspiel,,
105,Der flatterhafte Ehemann,flatterhafte ehemann,Lustspiel,Adapted from Cibber's The Careless Husband,
91,Les Folies amoureuses,folies amoureuses,Comédie,First dated perfomance in Paris on 15 Jan 1704.,https://books.google.com/books?id=PCJ6vxKlgUAC&pg=PP5#v=onepage&q&f=false
131,Les Fourberies de Scapin,fourberies de scapin,Comédie,First performed in Paris on 24 May 1671.,https://books.google.com/books?id=kU6P-a5NckAC&pg=PA5#v=onepage&q&f=false
54,Le François à Londres,françois à londres,Comédie,First performed in Paris on 3 Jul 1727.,https://books.google.com/books?id=JYlZAAAAcAAJ&pg=PP9#v=onepage&q&f=false
7,Die Freundschaft auf der Probe,freundschaft auf der probe,Singspiel,,
288,Der Freundschaft der Weiber,freundschaft der weiber,Lustspiel,,
239,Der Furchtsame,furchtsame,Lustspiel,,
169,Das Gärtnermädchen von Fraskati,gaertnermaedchen von fraskati,Singspiel,Adapted from La frascatana.,
271,Der Geburtstag,geburtstag,Lustspiel,Performed once by the Nationaltheater on 7 Feb 1779. This performance on 28 Dec 1781 is not in Hadamowsky or Von Alth/Obzyna. Perhaps Theaterschule?,
80,Die Gefahren der Verführung,gefahren der verfuehrung,Schauspiel,"Free adaptation of Mercier's Jenneval, ou le Barnevelt français (1769)",
86,Die gegenseitige Probe,gegenseitige probe,Lustspiel,Adapted from L'eprouve reciproque.,
117,"Geschwind, eh es jemand erfährt","geschwind, eh es jemand erfaehrt",Lustspiel,,
10,Die Geschwisterliebe,geschwisterliebe,Schauspiel,,https://books.google.com/books?id=SmxVAAAAcAAJ&pg=PA1#v=onepage&q&f=false
205,Gianetta Montaldi,gianetta montaldi,Trauerspiel,,
218,Der Graf von Olsbach,graf von olsbach,Lustspiel,,
55,Der Graf von Walltron,graf von walltron,Trauerspiel,,
84,Die große Batterie,große batterie,Lustspiel,,
278,Die Gunst der Fürsten,gunst der fuersten,Trauerspiel,First performed by the court theater in 1773. Ultimately derived from The Unhappy Favourite or The Earl of Essex by John Banks.,https://books.google.com/books?id=TCRVAAAAcAAJ&pg=PA1#v=onepage&q&f=false
215,Die gute Tochter,gute tochter,Lustspiel,,
187,Der gutherzige Murrkopf,gutherzige murrkopf,Lustspiel,After Goldoni's Il burbero benefico,
128,Hamlet,hamlet,Trauerspiel,,
46,"Hanns bleibt Hanns, oder der Bauer, ein Fürst","hanns bleibt hanns, oder der bauer, ein fuerst",Lustspiel,,https://books.google.com/books?id=Z3UyAQAAMAAJ&newbks=1&pg=PA1#v=onepage&q&f=false
87,Der Hausfreund,hausfreund,Singspiel,Adapted from L'Ame de maison,
257,Die Haushaltung nach der Mode,haushaltung nach der mode,Lustspiel,,https://books.google.com/books?id=e92BHvWwvD0C&pg=PA1#v=onepage&q&f=false
45,Der Hausvater,hausvater,Lustspiel,,
157,Die heimliche Heyrath,heimliche heyrath,Lustspiel,Adapted from Colman's The clandestine marriage (1766),
132,Henriette,henriette,Lustspiel,"Henriette, oder Sie ist schon verheiratet",
186,"Héraclite, ou le Triomphe de la Beauté","heraclite, ou le triomphe de la beaute",Comédie,"The title page of the 1783 edition has ""Représentée pour la premiere fois à Paris, par les Comédiens Italiens ordinaires du Roi, le Décembre 1783.""",https://books.google.com/books?id=Q8RoAAAAcAAJ&newbks=1&pg=PP3#v=onepage&q&f=false
145,Der Herr Gevatter,herr gevatter,Lustspiel,,
38,Die Holländer,hollaender,Lustspiel,First performed by the court theater in the Burgtheater on 14 Nov 1778.,
77,L'Homme du jour,homme du jour,Comédie,Comèdie en vers,https://books.google.com/books?id=lXliAAAAcAAJ&pg=PA1#v=onepage&q&f=false
92,"L'Homme noir, ou le Spleen","homme noir, ou le spleen",Comédie,"Earliest edition on WorldCat is 1778. This work has two acts, whereas Schletter has ""3. A.""",https://books.google.com/books?id=xbxoAAAAcAAJ&pg=PA1#v=onepage&q&f=false
34,Die Horazier,horazier,Ballet,"Noverre's ballet d'action Les Horaces et les Curiaces, with music by Starzer, was first performed in Vienna in 1772. The ballet performed in 1781 might have been Peter Vogt's ""imitation,"" Die Horazier und Kuriazier.",https://digital.slub-dresden.de/werkansicht/dlf/54395/3/
146,Le Huron,huron,Opéra comique,First performed in 1768,https://fr.wikipedia.org/wiki/Le_Huron_(op%C3%A9ra)
283,Il natale di Apollo,il natale di apollo,Cantata,"Righini’s Il natale di Apollo is usually said to have been composed for the TKS concert in Dec 1789. If “Apolls Geburtstag” on 18 and 25 Mar 1781 is the same work, this places it considerably earlier.",
249,L'Impromptu du coeur,impromptu du coeur,,Five items on CÉSAR with the title L'Impromptu du coeur. Could this be a kind of generic title?,
162,Inkle und Yariko,inkle und yariko,Trauerspiel,"On versions of this story, see Walton 2005",https://books.google.com/books?id=A4LcPlzFo24C&newbks=1&pg=PA1#v=onepage&q&f=false
236,Iphigenie auf Tauris,iphigenie auf tauris,Singspiel,,
2,Irene,irene,Trauerspiel,,
279,Das Irrlicht,irrlicht,Singspiel,,https://books.google.com/books?id=9ZBIAAAAcAAJ&pg=PA1#v=onepage&q&f=false
190,Der Jahrmarkt von Venedig,jahrmarkt von venedig,Singspiel,After Salieri's La fiera di Venezia,
151,Jeannot et Colin,jeannot et colin,Comédie,,https://books.google.com/books?id=4OM7AAAAcAAJ&pg=PA1#v=onepage&q&f=false
93,"Jenny, oder die Uneigennützigkeit","jenny, oder die uneigennuetzigkeit",Drame,"Translation of Jenni, out le Désintéressement (1771)",
222,Le Jugement de Midas,jugement de midas,Comédie mêlée d'ariettes,First performed publicly in Paris by the Comédiens Italiens on 27 Jun 1778.,https://books.google.com/books?id=jXOEhKZFwo0C&pg=PA1#v=onepage&q&f=false
11,Juliane von Lindorak,juliane von lindorak,Lustspiel,,
230,Julie,julie,Comédie mêlée d'ariettes,First performed in Paris on 22 Sep 1772.,https://books.google.com/books?id=r8RbAAAAQAAJ&pg=PA1#v=onepage&q&f=false
35,Die junge Indianerinn,junge indianerinn,Lustspiel,A translation of La junge Indienne. Hadamowsky gives no translator.,
64,Der Jurist und der Bauer,jurist und der bauer,Lustspiel,,
17,Die kleine Aehrenleserin,kleine aehrenleserin,Lustspiel,"""Lustspiel für Kinder""",http://data.onb.ac.at/rep/10738C8E
263,Der kleine Grenadier,kleine grenadier,Lustspiel,"The attribution is from Schletter. This title is not in Einakter, and it seems not to be listed in Goedeke.",
214,Der Kobold,kobold,Lustspiel,"Adapted from L'Esprit follet, ou la Dame invisible (1770).",
159,König Lear,koenig lear,Trauerspiel,,
18,Die Kroaten,kroaten,Ballet,,
197,Der Kühehirt,kuehehirt,Lustspiel,,
24,Das Landmädchen,landmaedchen,Lustspiel,"Apparently Wycherley's The Country Wife, perhaps by way of Garrick's cleaned up version as The Country Girl.",
139,Le Legataire universel,legataire universel,Comédie,,
78,Les Legs,legs,Comédie,,
275,Leonardo und Blandine,leonardo und blandine,Melodrama,"The Augsburg libretto at LOC is attributed to Goez, but Schletter attributes the text to Babo.",https://www.loc.gov/item/2010663669/
264,Der letzte Rausch,letzte rausch,Singspiel,Apparently a German adaptation of L'Ivrogne corrigé.,
57,Die Liebe unter den Handwerksleuten,liebe unter den handwerksleuten,Singspiel,German version of L'amore artigiano,
184,Der Liebhaber als ein Schriftsteller und Bedienter,liebhaber als ein schriftsteller und bedienter,Lustspiel,"From Cérou's L'Amant, auteur et valet (1740). The attribution to Martin is from Hadamowsky and hasn't been verified/",https://books.google.com/books?id=oBdYAAAAcAAJ&pg=PA1#v=onepage&q&f=false
60,Das Loch in der Thüre,loch in der thuere,Lustspiel,,
231,Lucile,lucile,Comédie mêlée d'ariettes,First performed in Paris on 5 Jan 1769.,https://books.google.com/books?id=pRQzAQAAMAAJ&pg=PA1#v=onepage&q&f=false
216,Das Lustlager,lustlager,Schauspiel,,
217,Le Magnifique,magnifique,Comédie,First performed in Paris by the Comédiens Italiens on 4 Mar 1773.,https://books.google.com/books?id=Mw9KVCSabZ4C&newbks=1&pg=PA1#v=onepage&q&f=false
224,Le Maître en droit,maître en droit,Opéra comique,First performed at the Foire Saint-Germain in Paris on 23 Feb 1760. The date on the Viennese libretto is 1763.,https://books.google.com/books?id=NoJnPwOqmKUC&pg=PA1#v=onepage&q&f=false
206,Le Marchand de Smyrne,marchand de smyrne,Opéra comique,"The attribution of this work is uncertain. Chamfort's one-act comedy Le Marchand de Smyrne was first performed in Paris on 26 Jan 1770. However, Schletter's entry specifies an opera (""O. 1. a.""). The only plausible match found so far is the work by Just, but the only libretto online is in Dutch. Probably not Vogler's Der Kaufmann von Smyrna.",
118,Le Maréchal ferrant,marechal ferrant,Opéra comique,,https://books.google.com/books?id=PB4eqPr7IQkC&pg=PA1#v=onepage&q&f=false
156,Le Mari retrouvé,mari retrouve,Comédie,,
5,Matrosen Ballet,matrosen ballet,Ballet,,
165,Le Mazet,mazet,Opéra comique,Also Mazet (without article),https://archive.org/details/mazetcomedieende00duni/page/n4/mode/2up
65,Medea,medea,Melodrama,,
260,Die Mediceer,mediceer,Trauerspiel,First performed by the Nationaltheater on 11 May 1776.,
182,"Les Menechmes, ou les Jumeaux","menechmes, ou les jumeaux",Comédie,,
68,Le Mercure galant ou la Comédie sans titre,mercure galant ou la comedie sans titre,Comédie,,
289,Merope,merope,Trauerspiel,Performed in the Burgtheater on 17 Apr 1775. The performance on 30 Jan 1782 was the work's premiere by the Nationaltheater.,
140,Le Milicien,milicien,Comédie,"""Comedie en  acte mêlée d'ariettes""First performed 1762https://archive.org/details/lemilicien00duni/page/n7/mode/2up",https://books.google.com/books?id=fFdXAAAAcAAJ&pg=PA1#v=onepage&q&f=false
183,Milton und Elmire,milton und elmire,Singspiel,"The attribution to Reinwald is from Goggle Books, and needs to be investigated. The attribution to Michl is from Grove.",
245,Minna von Barnhelm,minna von barnhelm,Lustspiel,,
101,Monsieur de St. Charles,monsieur de st. charles,Comédie,The work and author identification appear on several lists published in the 1780s.,
129,Nacht und Ungefähr,nacht und ungefaehr,Lustspiel,,
9,Die Näscherinn,naescherinn,Singspiel,https://books.google.com/books?id=lWYPyjNCuAAC&pg=PA1#v=onepage&q&f=false,https://daten.digitale-sammlungen.de/0005/bsb00057879/images/index.html?id=00057879&groesser=&no=3&seite=5
120,"Nanette et Lucas, ou La Paysanne curieuse","nanette et lucas, ou la paysanne curieuse",Opéra comique,"""Comedie en prose, melée d'ariettes""",https://books.google.com/books?id=8-w5AAAAcAAJ&pg=PA1#v=onepage&q&f=false
39,Die natürliche Zauberey,natuerliche zauberey,Lustspiel,,https://books.google.com/books?id=yO0vYEU41lcC&pg=PA1#v=onepage&q&f=false
266,Natur und Liebe im Streit,natur und liebe im streit,Trauerspiel,,
149,Die Nebenbuhler,nebenbuhler,Lustspiel,From Sheridan's The Rivals (1775),
110,Der Neugierige,neugierige,Lustspiel,,
201,Ninette à la cour,ninette à la cour,Comédie mêlée d'ariettes,First performed in Paris on 12 Feb 1755. Songs taken from Bertoldo in corte (1753) by Ciampi.,https://books.google.com/books?id=qS9aAAAAcAAJ&newbks=1&pg=PA1#v=onepage&q&f=false
14,No title,no title,Ballet,,
122,Der Oberamtmann und die Soldaten,oberamtmann und die soldaten,Schauspiel,,
221,Das öffentliche Geheimniß,oeffentliche geheimniß,Lustspiel,,
82,L'Officier et le grand Baillif,officier et le grand baillif,Comédie,Unidentified,
119,L'Officieux,officieux,Comédie,,https://books.google.com/books?id=a0ZoAAAAcAAJ&pg=PA1#v=onepage&q&f=false
193,Olivie,olivie,Trauerspiel,,
229,"L'Olympiade, ou le Triomphe de l'amitié","olympiade, ou le triomphe de l'amitie",Drame mêlé de musique,"French pasticcio, first performed in Paris on 2 Oct 1777.",https://www.loc.gov/resource/musschatz.17475.0/?sp=4
237,On ne s'avise jamais de tout,on ne s'avise jamais de tout,Opéra comique,"First performed at the Foire Saint-Laurent in Paris, 14 Sep 1761",https://books.google.com/books?id=tw0hfsm4W_8C&pg=PP1#v=onepage&q&f=false
273,Orfeo ed Euridice,orfeo ed euridice,Azione teatrale,,
168,Orphée et Euridice,orphee et euridice,Tragédie-opéra,,
233,Der Ostindienfahrer,ostindienfahrer,Lustspiel,,
147,Le Page étourdi,page etourdi,Comédie,Unidentified,
130,Les Pêcheurs,pêcheurs,Opéra comique,,https://books.google.com/books?id=WDDQM0NVJEIC&pg=PP5#v=onepage&q&f=false
223,Percy,percy,Trauerspiel,"In Schletter: ""Percy. / Tr. in 5. A. a. d. E. v. einer Damme.""",https://books.google.com/books?id=8-hKZyUodpgC&pg=PA1#v=onepage&q&f=false
113,Le Père de famille,père de famille,Comédie,,https://books.google.com/books?id=P8tob_LJomEC&pg=PA1#v=onepage&q&f=false
247,"Peter du bleibst, oder Der Hausfreund auf dem Lande","peter du bleibst, oder der hausfreund auf dem lande",Singspiel,Apparently no libretto online.,
246,Philotas,philotas,Trauerspiel,"Hadamowsky and Von Alth/Obzyna have two performances of Philotas by the court theater in 1782, the first on 22 Jan. This performance on Fri, 9 Nov 1781 is not given in either.",
284,Die Pilgrime auf Golgotha,pilgrime auf golgotha,Oratorio,,
50,Die Pilgrime von Mekka,pilgrime von mekka,Singspiel,Singpiel version of La rencontre imprévue.,
137,Das Portrait,portrait,Lustspiel,,https://books.google.com/books?id=qobNPU74nCQC&pg=PA1#v=onepage&q&f=false
27,Präsentirt das Gewehr,praesentirt das gewehr,Lustspiel,,
98,Les Précieuses ridicules,precieuses ridicules,Comédie,,
208,Le Procureur arbitre,procureur arbitre,Comédie,"Given by Schletter as ""O. 1. a."", but Poisson's work is described only as ""comédie en vers"" with no mention of music. No other works with this title are listed in CÉSAR.",https://books.google.com/books?id=oXhPkNoMTJYC&newbks=1&pg=PP1#v=onepage&q&f=false
251,Progne und Philomele,progne und philomele,Ballet,,
262,Le Pucheron,pucheron,unknown,"No work by this title on CÉSAR, and no Google hits. Perhaps ""bûcheron""? Several titles on CÉSAR contain this word, of which the most likely may be the comédie mêlée d'ariettes Le Bûcheron ou les Trois Souhaits by Guichard and Philidor.",https://books.google.com/books?id=TPM5AAAAcAAJ&newbks=1&pg=PA1#v=onepage&q&f=false
29,"Die pücefarbnen Schuhe, oder Die schöne Schusterin","puecefarbnen schuhe, oder die schoene schusterin",Singspiel,Based on a French original by Baron du Serrières,
163,La Pupille,pupille,Comédie,First performed in Paris in 1734.,https://books.google.com/books?id=toMUAAAAQAAJ&pg=PA1#v=onepage&q&f=false
99,Pygmalion,pygmalion,Melodrama,,
235,Pyrrhus und Polixene,pyrrhus und polixene,Ballet,,
103,Der Rauchfangkehrer,rauchfangkehrer,Singspiel,,
3,Die Rechnung ohne den Wirth,rechnung ohne den wirth,Lustspiel,,
232,Reinhold und Armida,reinhold und armida,Melodrama,"First performed in Munich in Jun 1780. The work was performed once by the court theater on 7 Sep 1793 as Armida und Rinaldo (text at the link below). The performances on Fridays in 1781 were probably benefits, possibly for Winter, who seems still to have been in Vienna?",https://www.loc.gov/resource/musschatz.16506.0/?sp=3
150,Richard der Dritte,richard der dritte,Trauerspiel,,
243,Robert und Kalliste,robert und kalliste,Singspiel,Adapted from Guglielmi's La sposa fedele (1766),
192,Le Roi et le Fermier,roi et le fermier,Opéra comique,,https://books.google.com/books?id=27kB05OAiroC&newbks=1&pg=PA1#v=onepage&q&f=false
144,Romeo und Julie,romeo und julie,Trauerspiel,,
74,Rose et Colas,rose et colas,Opéra comique,,
30,La Rosière de Salency,rosière de salency,Opéra comique,"According to fr.wikipedia, the music is by Blaise, Philidor, Monsigny, and Duni.",
226,Sancho Pança dans son isle,sancho pança dans son isle,Opéra buffon,First performed in Paris on 8 Jul 1762.,https://books.google.com/books?id=C6dXAAAAcAAJ&pg=PP5#v=onepage&q&f=false
285,Santa Elena al Calvario,santa elena al calvario,Oratorio,"First version 1747, second version 1772.",
256,Sara ou la Fermière ecossaise,sara ou la fermière ecossaise,Comédie mêlée d'ariettes,First performed in Paris on 8 May 1773.,https://books.google.com/books?id=w1eQ69CuwHkC&pg=PA1#v=onepage&q&f=false
142,Der Schmuck,schmuck,Lustspiel,,
72,Der Schneider und sein Sohn,schneider und sein sohn,Lustspiel,,
248,Die schöne Nanette,schoene nanette,Lustspiel,Performed only once by the court theater.,
268,Die schöne Wienerinn,schoene wienerinn,Lustspiel,,
112,Der Schubkarren des Essighändlers,schubkarren des essighaendlers,Lustspiel,,
96,Die Schwäger,schwaeger,Trauerspiel,,
219,Die Schwiegermütter,schwiegermuetter,Lustspiel,"On the title page of the Viennese playbook: ""Auf dem k. k. Hof=Nationaltheater aufgeführt von der in der Schauspielkunst sich übenden Jugend."" The author attribution is from Schletter and Schink 1782.",https://books.google.com/books?id=RDRJAAAAcAAJ&pg=PA1#v=onepage&q&f=false
104,Der sehende Blinde,sehende blinde,Lustspiel,Based on L'Aveugle clairvoyant,
228,Der seltne Freyer,seltne freyer,Lustspiel,,
207,La Sérénade,serenade,Opéra comique,"Le Bouquet de Louison ou la sérénade de village by Taconet is the only 18th-c. one-act opéra on CÉSAR with ""sérénade"" in the title.",
102,La Servante maitresse,servante maitresse,Opéra comique,"""Comédie en deux actes, melée d'ariettes, parodiées de La Serva Padrona""",https://books.google.com/books?id=5u87AQAAMAAJ&pg=PA1#v=onepage&q&f=false
179,Die sieben Schwaben,sieben schwaben,Ballet,"Evidently based on the German fairy tale of this name. Kunn's company performed this ballet in Salzburg on 13 Oct 1783 (see MBA vi:156, notes to line 152 of Nannerl Mozart's diary).",
121,Silvain,silvain,Opéra comique,,https://books.google.com/books?id=EjZMAAAAcAAJ&pg=PA1#v=onepage&q&f=false
52,Der Sklavenhändler von Smyrna,sklavenhaendler von smyrna,Singspiel,"Derived from Chamfort, Le Marchand de Smyrne (1770). The ÖNB has a one-act Lustspiel Der Sklavenhändler von Smyrna based on Chamfort, translated by Brahm. Singspiel versions survive under the title Der Kaufmann von Smyrna with music by Vogler (Mannheim), and Andreas Franz Holly (Holy; Belin 1775). There seems to be no libretto or score corresponding to the 1781 production in the ÖNB.",
177,Der Sklavenhändler von Smyrna,sklavenhaendler von smyrna,Lustspiel,,
203,Die Sklavinn,sklavinn,Singspiel,"From Piccinni's Gli stravaganti, ossia La schiava riconosciuta, first performed in Rome on 1 Jan 1764.",
67,"Soliman der Zweyte, oder Die drey Sultaninnen","soliman der zweyte, oder die drey sultaninnen",Lustspiel,Translation of Soliman Second,
180,Le Somnambule,somnambule,Comédie,First performed in Paris in 1739.,https://books.google.com/books?id=LTCqiB7vX5sC&pg=PA1#v=onepage&q&f=false
114,Le Sorcier,sorcier,Opéra comique,,
51,Der Spleen,spleen,Lustspiel,,
277,"Stirbt der Fuchs, so gilt sein Balg","stirbt der fuchs, so gilt sein balg",ländliches Gemälde,The playbook at the link is dated 1770.,https://books.google.com/books?id=lLDoMudc4xMC&newbks=1&pg=PP3#v=onepage&q&f=false
178,Der Stolz des Grafen Barcelona,stolz des grafen barcelona,Singspiel,Nothing is currently known about this work.,
23,Die Strafe im Sturz,strafe im sturz,Ballet,,
250,Der stürmische Liebhaber,stuermische liebhaber,Lustspiel,,
4,Der Sturm,sturm,Schauspiel,,
97,Le Tableau parlant,tableau parlant,Opéra comique,,
61,Les Talens à la mode,talens à la mode,Comédie,,
134,Le Tartuffe,tartuffe,Comédie,First performed in 1664,
241,Das Testament,testament,Lustspiel,,
196,Der Teufel steckt in ihm,teufel steckt in ihm,Lustspiel,Attribution to Colman is from Hadamowsky.,
254,Thorheit und Betrügerey,thorheit und betruegerey,Lustspiel,,
198,Der Todte ein Freyer,todte ein freyer,Lustspiel,Attribution to Sedaine is on title page. Adapted from Sedaine's Le mort marié/,https://books.google.com/books?id=yIa6lmBQ7nsC&pg=PA1#v=onepage&q&f=false
269,Toinon et Toinette,toinon et toinette,Comédie mêlée d'ariettes,Toinon et Toinette was first performed in Paris on 20 Jun 1767.,https://books.google.com/books?id=P8Vqz5lbdGQC&pg=PA1#v=onepage&q&f=false
160,Tom Jones,tom jones,Opéra comique,After Fielding's Tom Jones,https://books.google.com/books?id=hGxXAAAAcAAJ&pg=PA1#v=onepage&q&f=false
63,Le Tonnellier,tonnellier,Opéra comique,,
181,Le Tout en peu,tout en peu,Comédie,,
143,Die Trauer,trauer,Lustspiel,Adapted from Hauteroches's Le Deuil (1680),
258,Les Trois Fermiers,trois fermiers,Comédie mêlée d'ariettes,"First performed in Paris, 16 May 1777.",https://books.google.com/books?id=sMo5AAAAcAAJ&pg=PA1#v=onepage&q&f=false
125,Les Trois Frères rivaux,trois frères rivaux,Comédie,First performed in Paris on 4 Aug 1713. The Viennese playbook at the link is dated 1752.,https://books.google.com/books?id=e_SZmPZsxCcC&pg=PA1#v=onepage&q&f=false
88,Les Trois Jumeaux vénetiens,trois jumeaux venetiens,Comédie,First performed in Paris on 7 Dec 1773.,https://books.google.com/books?id=Y--5yUOsyMsC&pg=PA1#v=onepage&q&f=false
123,Turcaret,turcaret,Comédie,Published in 1708. Also Turcaret ou le Financier.,https://books.google.com/books?id=EghlH5nqzrYC&pg=PA1#v=onepage&q&f=false
202,Die Uebereilung,uebereilung,Lustspiel,,
171,Die Ungetreuen,ungetreuen,Lustspiel,Adapted from Barthe's Les fausses infidélités.,
212,Die unvermutheten Zufälle,unvermutheten zufaelle,Singspiel,Adapted from Les Événements imprévues (1779).,
175,Die unversehene Wette,unversehene wette,Lustspiel,,
270,Les Vendangeurs ou les Deux Baillis,vendangeurs ou les deux baillis,Vaudeville,First performed in Paris on 7 Nov 1780. The playbook seems not to be online.,
76,Die verfolgte Unbekannte,verfolgte unbekannte,Singspiel,German adaptation of L'incognita perseguitata.,
28,Die Verlobung,verlobung,Lustspiel,,
189,Der verlogene Bediente,verlogene bediente,Lustspiel,From Garrick's The Lying Valet (1741),
95,Die verstorbene Ehefrau,verstorbene ehefrau,Lustspiel,,
70,Die wahre Liebe,wahre liebe,Lustspiel,Identification  uncertain,
31,Wahrheit ist gut Ding,wahrheit ist gut ding,Lustspiel,,
36,Was erhält die Männer treu?,was erhaelt die maenner treu?,Singspiel,Premiere in the Burgtheater on 1 May 1780,
185,Die Wâschermädchen,wâschermaedchen,Singspiel,From Zanetti's Le lavanderine,
252,Der Weise in der That,weise in der that,Schauspiel,,
108,Wer wird sie kriegen,wer wird sie kriegen,Lustspiel,,
26,Der Westindier,westindier,Lustspiel,"Adapted from Cumberland's ""The West Indian""",
141,Die Widersprecherin,widersprecherin,Lustspiel,Adapted from Dufresny's L'Esprit de contradiction (1700),
48,Die Wildschützen,wildschuetzen,Lustspiel,"According to Hadamowsky, ""Lustspiel mit Gesängen""",
69,Das Winterquartier in Amerika,winterquartier in amerika,Lustspiel,,
153,Die Wirthschaftlerinn,wirthschaftlerinn,Lustspiel,,
79,Wissenschaft geht vor Schönheit,wissenschaft geht vor schoenheit,Lustspiel,Kalliope record here: http://kalliope-verbund.info/DE-611-HS-3410222 has this as a translation by Bock of Goldoni's La donna garbo (1743).,https://books.google.com/books?id=NygDljEwhsAC&pg=PA1#v=onepage&q&f=false
164,Der Wittwer,wittwer,Lustspiel,"Based on Carmontelle's ""Proverbe dramatique"" Le Veuf.https://fr.wikisource.org/wiki/Proverbes_dramatiques/Le_Veuf",
152,Die Wölfe in der Heerde,woelfe in der heerde,Lustspiel,,
116,Der Zaubergürtel,zauberguertel,Lustspiel,,https://books.google.com/books?id=ahBaAAAAcAAJ&pg=PP1#v=onepage&q&f=false
25,Zémire et Azor,zemire et azor,Opéra comique,A German version of Zémire et Azor had been in the repertory of the court theater since 13 Oct 1779.,
204,Zu gut ist nicht gut,zu gut ist nicht gut,Lustspiel,"""nationalisieret von Herrn Schmidt."" First performed by the Nationaltheater on 22 Nov 1777.",https://books.google.com/books?id=F_5HAAAAcAAJ&pg=PA1#v=onepage&q&f=false
194,Die zwey Gräfinnen,zwey graefinnen,Singspiel,Adapted from Le due contesse.,https://books.google.com/books?id=6gFXAAAAcAAJ&pg=PA3#v=onepage&q&f=false
